ID_Proveedor,Nombre,Ciudad,Estado,Direccion,Telefono,email,termino_pago
5969,Masas de Occidente,Guadalajara,Jalisco,Av del Roble 233,3366889944,ventas_as@masasdeoc.com,30
5142,Verdurax,Colima,Colima,Jacarandas 33,3124879863,verdurasfrescas@verdurax.com,15
7045,Aceros MEX,Monterrey,Nuevo Leon,Boulevard 9000,8147898966,atencion@acerosmex.com,45
9144,TOTOA,Tepatitlan,Jalisco,Juarez 11,3784445211,clientes@TOTOA.com,30
6425,Tijuana Lacto,Tijuana,Baja California,Calle Central 209,6648796333,ventas_clientes@tijuanalacto.com,15
8288,La Planteria,Puebla,Puebla,Carranza 4932,2225553315,representante33@laplanteria.com,15
7271,Restamarket,Queretaro,Queretaro,Av Mexico 3023,4426669747,contacto@restamarket.com,30
